SongId,Artist,Composer,Album,Language,TotalFrequency
song0,artist31,composer51,album5,language3,4717
song1,artist5,composer25,album9,language4,5050
song2,artist6,composer68,album37,language1,4906
song3,artist28,composer56,album41,language5,4818
song4,artist6,composer7,album19,language0,5107
song5,artist32,composer17,album2,language0,5551
song6,artist85,composer36,album4,language7,5174
song7,artist48,composer88,album26,language8,4814
song8,artist4,composer18,album23,language9,4880
song9,artist32,composer23,album23,language5,5421
song10,artist32,composer65,album37,language3,4927
song11,artist31,composer51,album6,language8,5079
song12,artist68,composer68,album3,language8,5009
song13,artist41,composer20,album26,language1,5300
song14,artist86,composer40,album37,language8,4717
song15,artist63,composer27,album27,language1,5229
song16,artist13,composer66,album40,language1,4964
song17,artist55,composer45,album23,language2,4953
song18,artist49,composer18,album31,language7,5120
song19,artist92,composer99,album19,language1,5015
song20,artist20,composer42,album22,language1,5191
song21,artist55,composer54,album26,language7,4837
song22,artist85,composer99,album33,language6,4483
song23,artist2,composer33,album2,language9,4921
song24,artist11,composer22,album35,language2,4434
song25,artist11,composer31,album22,language1,5082
song26,artist8,composer73,album22,language6,4681
song27,artist60,composer60,album24,language3,5110
song28,artist17,composer86,album36,language2,4847
song29,artist6,composer36,album31,language7,5175
song30,artist91,composer8,album42,language8,4866
song31,artist52,composer33,album8,language2,5029
song32,artist7,composer81,album26,language6,4851
song33,artist40,composer79,album35,language7,5466
song34,artist9,composer46,album0,language6,5096
song35,artist20,composer87,album46,language0,5562
song36,artist68,composer20,album22,language5,5070
song37,artist42,composer49,album42,language4,5283
song38,artist45,composer10,album36,language5,4937
song39,artist68,composer80,album36,language1,4885
song40,artist55,composer5,album28,language7,5138
song41,artist53,composer38,album18,language6,5231
song42,artist61,composer97,album12,language0,4743
song43,artist75,composer64,album0,language7,4961
song44,artist28,composer96,album44,language3,4931
song45,artist1,composer15,album8,language3,5389
song46,artist98,composer21,album21,language7,4745
song47,artist32,composer89,album41,language1,4821
song48,artist51,composer40,album28,language9,5094
song49,artist27,composer25,album32,language4,5499
song50,artist5,composer81,album24,language9,5264
song51,artist51,composer6,album2,language0,5063
song52,artist36,composer8,album23,language9,4737
song53,artist0,composer20,album15,language5,5176
song54,artist61,composer91,album16,language4,5051
song55,artist73,composer6,album47,language1,5470
song56,artist86,composer75,album41,language1,5278
song57,artist78,composer50,album39,language2,5217
song58,artist51,composer4,album30,language0,4643
song59,artist1,composer55,album6,language9,4984
song60,artist26,composer55,album44,language5,4795
song61,artist63,composer72,album23,language0,5045
song62,artist43,composer57,album40,language3,5449
song63,artist71,composer87,album37,language5,5072
song64,artist15,composer79,album15,language8,5756
song65,artist10,composer83,album47,language7,4575
song66,artist5,composer4,album15,language1,5022
song67,artist17,composer81,album23,language9,5092
song68,artist5,composer59,album27,language7,5320
song69,artist83,composer44,album29,language4,4438
song70,artist19,composer93,album8,language6,4763
song71,artist82,composer41,album20,language9,4956
song72,artist85,composer37,album41,language7,4929
song73,artist77,composer19,album5,language4,5123
song74,artist5,composer78,album44,language4,5019
song75,artist12,composer96,album40,language7,4914
song76,artist97,composer12,album3,language0,4961
song77,artist32,composer80,album14,language3,5188
song78,artist97,composer2,album0,language5,5061
song79,artist33,composer86,album36,language6,4776
song80,artist90,composer23,album34,language1,4678
song81,artist83,composer13,album30,language1,5580
song82,artist64,composer58,album36,language4,5738
song83,artist14,composer20,album1,language9,5149
song84,artist69,composer17,album18,language7,4358
song85,artist14,composer12,album34,language6,5434
song86,artist23,composer76,album28,language9,5055
song87,artist99,composer61,album49,language5,4451
song88,artist10,composer65,album46,language2,4876
song89,artist55,composer97,album9,language7,4888
song90,artist47,composer74,album25,language7,4891
song91,artist14,composer73,album30,language8,4938
song92,artist34,composer67,album21,language0,4897
song93,artist22,composer58,album48,language4,4865
song94,artist31,composer33,album6,language4,4663
song95,artist0,composer24,album22,language7,4908
song96,artist53,composer82,album32,language8,5069
song97,artist37,composer58,album48,language8,5156
song98,artist74,composer38,album49,language9,4656
song99,artist96,composer79,album43,language6,5228
song100,artist60,composer9,album35,language8,5071
song101,artist6,composer78,album3,language8,4577
song102,artist5,composer19,album27,language0,5199
song103,artist27,composer88,album19,language6,4555
song104,artist1,composer98,album7,language0,5261
song105,artist21,composer87,album10,language1,5781
song106,artist37,composer27,album5,language7,5330
song107,artist12,composer81,album13,language1,5575
song108,artist1,composer21,album35,language9,5017
song109,artist83,composer24,album14,language9,5690
song110,artist20,composer11,album31,language5,5201
song111,artist7,composer12,album23,language9,5051
song112,artist65,composer73,album41,language6,4735
song113,artist86,composer27,album42,language2,4866
song114,artist97,composer85,album25,language4,5231
song115,artist87,composer90,album7,language5,5374
song116,artist20,composer99,album0,language6,4636
song117,artist18,composer82,album29,language4,4855
song118,artist52,composer61,album17,language8,5352
song119,artist73,composer26,album26,language8,4887
song120,artist46,composer16,album29,language6,4906
song121,artist79,composer47,album38,language1,5221
song122,artist24,composer72,album13,language9,4376
song123,artist37,composer7,album3,language8,4480
song124,artist86,composer24,album30,language1,5263
song125,artist37,composer92,album9,language9,5430
song126,artist20,composer72,album25,language3,4890
song127,artist82,composer35,album34,language5,4777
song128,artist53,composer27,album6,language9,4431
song129,artist74,composer71,album24,language0,5130
song130,artist68,composer94,album46,language6,5205
song131,artist67,composer43,album15,language8,4779
song132,artist15,composer8,album11,language9,5395
song133,artist13,composer10,album18,language0,5282
song134,artist22,composer3,album35,language0,4415
song135,artist45,composer64,album12,language6,4988
song136,artist25,composer95,album29,language7,4542
song137,artist75,composer5,album14,language8,4833
song138,artist46,composer71,album3,language1,5163
song139,artist17,composer54,album32,language6,5298
song140,artist30,composer91,album9,language6,4929
song141,artist62,composer93,album6,language7,5190
song142,artist98,composer42,album46,language5,4881
song143,artist86,composer80,album38,language5,4858
song144,artist77,composer77,album43,language5,5042
song145,artist97,composer32,album21,language6,5239
song146,artist52,composer59,album44,language5,5215
song147,artist86,composer72,album27,language6,4962
song148,artist89,composer35,album43,language5,4506
song149,artist60,composer82,album16,language0,4754
song150,artist79,composer19,album13,language5,4605
song151,artist99,composer94,album4,language1,4640
song152,artist96,composer70,album43,language3,5505
song153,artist12,composer87,album43,language7,5379
song154,artist18,composer16,album45,language5,5474
song155,artist76,composer21,album6,language3,5296
song156,artist38,composer47,album38,language1,4865
song157,artist25,composer11,album28,language1,5277
song158,artist28,composer35,album2,language8,5291
song159,artist22,composer83,album17,language8,5342
song160,artist23,composer19,album12,language5,5026
song161,artist94,composer34,album19,language1,5068
song162,artist97,composer25,album39,language3,4479
song163,artist36,composer18,album19,language5,5346
song164,artist86,composer52,album36,language6,4864
song165,artist75,composer8,album32,language9,5339
song166,artist77,composer75,album38,language8,5747
song167,artist75,composer49,album8,language0,5029
song168,artist43,composer63,album46,language6,5282
song169,artist47,composer59,album40,language2,4751
song170,artist79,composer18,album14,language5,4978
song171,artist66,composer97,album15,language5,4928
song172,artist30,composer75,album43,language2,4652
song173,artist35,composer72,album37,language0,4853
song174,artist0,composer95,album39,language2,4667
song175,artist86,composer33,album31,language4,5283
song176,artist22,composer54,album8,language5,4819
song177,artist21,composer17,album25,language2,5076
song178,artist99,composer90,album8,language8,5372
song179,artist97,composer15,album34,language0,5526
song180,artist99,composer46,album11,language8,4795
song181,artist57,composer46,album20,language6,5383
song182,artist11,composer65,album1,language1,5105
song183,artist3,composer6,album9,language5,4764
song184,artist69,composer14,album25,language7,4762
song185,artist56,composer59,album27,language1,4911
song186,artist56,composer45,album40,language1,4894
song187,artist10,composer18,album32,language7,4966
song188,artist66,composer59,album48,language6,5035
song189,artist9,composer94,album15,language8,4663
song190,artist89,composer96,album20,language4,4905
song191,artist29,composer14,album38,language7,5388
song192,artist94,composer50,album4,language7,5053
song193,artist6,composer6,album17,language2,4822
song194,artist97,composer21,album13,language5,5706
song195,artist24,composer63,album2,language7,5211
song196,artist42,composer62,album24,language3,4821
song197,artist62,composer75,album23,language4,5311
song198,artist88,composer98,album20,language9,4639
song199,artist42,composer82,album16,language5,4926
song200,artist7,composer32,album27,language4,4872
song201,artist37,composer64,album47,language4,4817
song202,artist85,composer66,album11,language5,4347
song203,artist76,composer71,album44,language3,5054
song204,artist35,composer94,album4,language7,4678
song205,artist46,composer76,album47,language6,5660
song206,artist74,composer20,album3,language8,4838
song207,artist69,composer53,album20,language0,5285
song208,artist81,composer39,album38,language7,5092
song209,artist47,composer74,album20,language8,4963
song210,artist97,composer87,album16,language2,4815
song211,artist56,composer77,album6,language2,5652
song212,artist46,composer27,album15,language8,5020
song213,artist94,composer78,album27,language3,4941
song214,artist71,composer57,album35,language6,5368
song215,artist5,composer51,album35,language0,5194
song216,artist77,composer7,album40,language0,5369
song217,artist68,composer15,album25,language4,5158
song218,artist34,composer5,album2,language7,4413
song219,artist99,composer99,album19,language6,4937
song220,artist91,composer77,album46,language9,5646
song221,artist46,composer32,album46,language9,5194
song222,artist13,composer52,album20,language8,5442
song223,artist87,composer1,album5,language0,5134
song224,artist44,composer6,album40,language3,5001
song225,artist74,composer52,album35,language1,4767
song226,artist71,composer42,album39,language4,5019
song227,artist15,composer95,album42,language3,4948
song228,artist23,composer73,album28,language2,4813
song229,artist67,composer95,album9,language6,5112
song230,artist80,composer4,album16,language5,4871
song231,artist43,composer18,album45,language1,5156
song232,artist68,composer38,album12,language6,5099
song233,artist20,composer69,album14,language3,4984
song234,artist32,composer75,album28,language3,4579
song235,artist6,composer85,album19,language9,4989
song236,artist43,composer86,album9,language2,5312
song237,artist59,composer50,album10,language9,5450
song238,artist24,composer30,album4,language5,5255
song239,artist59,composer5,album18,language8,4995
song240,artist20,composer93,album15,language7,4626
song241,artist85,composer24,album38,language3,5262
song242,artist88,composer69,album40,language8,4618
song243,artist99,composer4,album44,language2,5420
song244,artist73,composer55,album16,language1,4738
song245,artist90,composer15,album24,language1,5205
song246,artist52,composer60,album0,language2,5149
song247,artist48,composer23,album33,language6,4983
song248,artist30,composer66,album28,language1,4803
song249,artist49,composer32,album15,language0,5173
song250,artist81,composer3,album28,language9,5042
song251,artist71,composer18,album29,language1,5127
song252,artist79,composer55,album25,language0,5123
song253,artist85,composer94,album24,language9,5307
song254,artist22,composer53,album29,language4,5514
song255,artist63,composer72,album31,language2,5021
song256,artist21,composer68,album6,language2,5176
song257,artist13,composer41,album13,language4,4443
song258,artist19,composer35,album11,language9,5350
song259,artist50,composer72,album44,language9,4605
song260,artist42,composer40,album6,language4,5060
song261,artist35,composer60,album15,language5,4789
song262,artist24,composer6,album29,language1,5280
song263,artist97,composer69,album26,language4,5020
song264,artist74,composer16,album28,language7,4767
song265,artist35,composer26,album10,language6,5211
song266,artist70,composer90,album3,language3,4565
song267,artist78,composer42,album30,language4,5016
song268,artist32,composer5,album42,language4,4425
song269,artist71,composer80,album47,language3,5549
song270,artist60,composer64,album44,language6,4858
song271,artist32,composer6,album33,language5,4559
song272,artist64,composer65,album31,language5,5169
song273,artist37,composer71,album15,language8,5317
song274,artist98,composer41,album15,language6,4919
song275,artist53,composer59,album40,language5,5156
song276,artist2,composer11,album32,language0,5487
song277,artist41,composer90,album26,language0,4772
song278,artist62,composer51,album13,language6,5178
song279,artist58,composer0,album11,language2,4458
song280,artist58,composer87,album10,language8,5262
song281,artist85,composer93,album5,language8,4811
song282,artist88,composer36,album18,language0,4420
song283,artist64,composer48,album0,language8,4961
song284,artist51,composer78,album45,language1,5494
song285,artist0,composer72,album17,language6,5380
song286,artist5,composer83,album28,language5,5007
song287,artist11,composer15,album49,language4,5262
song288,artist46,composer37,album12,language8,4772
song289,artist1,composer86,album9,language1,4941
song290,artist62,composer13,album31,language4,4804
song291,artist42,composer43,album38,language2,5369
song292,artist98,composer34,album4,language3,4717
song293,artist60,composer38,album45,language3,4871
song294,artist35,composer82,album1,language7,5154
song295,artist75,composer84,album48,language5,4983
song296,artist77,composer18,album42,language0,4802
song297,artist30,composer21,album20,language8,5160
song298,artist50,composer3,album34,language2,5089
song299,artist41,composer0,album33,language8,4719
song300,artist48,composer28,album21,language2,4672
song301,artist20,composer7,album32,language9,5177
song302,artist14,composer39,album30,language8,4683
song303,artist73,composer89,album2,language0,5048
song304,artist46,composer72,album27,language3,4850
song305,artist49,composer68,album35,language5,5142
song306,artist62,composer17,album49,language6,5164
song307,artist23,composer75,album37,language6,4329
song308,artist21,composer17,album25,language5,4835
song309,artist54,composer80,album1,language7,5470
song310,artist92,composer5,album47,language2,4895
song311,artist86,composer54,album4,language9,5431
song312,artist12,composer24,album8,language7,4911
song313,artist93,composer35,album14,language1,5381
song314,artist37,composer57,album13,language9,5041
song315,artist68,composer28,album23,language1,4782
song316,artist76,composer98,album18,language0,4577
song317,artist69,composer33,album49,language0,5563
song318,artist92,composer2,album4,language5,4733
song319,artist36,composer39,album3,language5,5538
song320,artist17,composer3,album0,language6,5155
song321,artist83,composer48,album38,language0,4534
song322,artist17,composer46,album15,language6,5195
song323,artist7,composer26,album10,language0,5477
song324,artist58,composer94,album4,language0,4718
song325,artist80,composer80,album49,language5,5169
song326,artist27,composer24,album46,language8,4884
song327,artist78,composer23,album23,language0,5087
song328,artist19,composer69,album23,language4,5248
song329,artist2,composer47,album3,language4,4525
song330,artist17,composer43,album40,language2,5108
song331,artist71,composer76,album22,language6,5098
song332,artist36,composer84,album49,language9,4983
song333,artist77,composer6,album47,language6,5405
song334,artist72,composer37,album13,language1,4669
song335,artist58,composer89,album0,language0,5421
song336,artist55,composer34,album27,language1,4923
song337,artist82,composer80,album36,language3,5381
song338,artist63,composer46,album0,language4,4593
song339,artist96,composer45,album15,language3,4991
song340,artist45,composer65,album12,language1,4845
song341,artist27,composer62,album23,language8,4498
song342,artist85,composer8,album44,language6,5015
song343,artist62,composer71,album20,language6,5020
song344,artist57,composer49,album25,language6,4840
song345,artist16,composer28,album27,language6,5355
song346,artist39,composer92,album44,language5,5012
song347,artist79,composer34,album43,language0,5359
song348,artist46,composer52,album36,language5,5492
song349,artist26,composer12,album32,language3,5088
song350,artist9,composer11,album31,language9,5367
song351,artist10,composer94,album31,language2,5089
song352,artist26,composer72,album41,language8,4912
song353,artist99,composer45,album18,language2,4895
song354,artist57,composer56,album45,language7,4686
song355,artist0,composer81,album18,language4,4659
song356,artist87,composer54,album7,language9,5563
song357,artist77,composer80,album37,language0,5191
song358,artist26,composer93,album4,language4,5246
song359,artist80,composer76,album19,language2,4977
song360,artist60,composer71,album27,language2,5258
song361,artist31,composer37,album32,language8,4915
song362,artist15,composer4,album45,language5,4880
song363,artist21,composer96,album26,language0,4866
song364,artist36,composer3,album45,language5,5016
song365,artist37,composer51,album4,language5,5284
song366,artist55,composer92,album3,language8,5451
song367,artist45,composer91,album24,language5,5205
song368,artist16,composer42,album37,language8,4665
song369,artist31,composer88,album22,language5,5090
song370,artist27,composer20,album37,language8,5211
song371,artist73,composer52,album4,language2,5043
song372,artist9,composer48,album33,language1,5261
song373,artist35,composer18,album24,language9,4913
song374,artist35,composer3,album27,language1,5274
song375,artist63,composer43,album36,language4,5544
song376,artist47,composer18,album9,language1,5083
song377,artist13,composer18,album8,language3,5228
song378,artist75,composer29,album6,language4,5216
song379,artist5,composer70,album9,language1,4613
song380,artist53,composer9,album36,language2,5332
song381,artist32,composer43,album30,language9,5552
song382,artist93,composer98,album12,language0,5351
song383,artist61,composer51,album29,language5,4605
song384,artist7,composer91,album3,language0,4865
song385,artist45,composer29,album12,language0,5024
song386,artist5,composer3,album7,language4,4272
song387,artist32,composer48,album49,language5,4624
song388,artist41,composer0,album17,language3,4891
song389,artist14,composer6,album8,language8,5486
song390,artist88,composer99,album25,language1,4702
song391,artist47,composer58,album17,language7,4794
song392,artist95,composer48,album38,language5,4890
song393,artist52,composer30,album20,language0,5178
song394,artist31,composer43,album31,language6,4798
song395,artist25,composer17,album6,language4,4479
song396,artist66,composer5,album0,language2,4793
song397,artist88,composer55,album35,language8,4967
song398,artist29,composer12,album7,language7,4625
song399,artist64,composer88,album18,language2,5112
song400,artist72,composer99,album10,language6,5106
song401,artist71,composer47,album27,language5,5021
song402,artist7,composer50,album49,language4,5009
song403,artist84,composer9,album42,language8,5156
song404,artist38,composer64,album35,language1,5343
song405,artist73,composer67,album45,language8,5424
song406,artist35,composer25,album28,language5,4982
song407,artist94,composer44,album31,language6,4847
song408,artist99,composer44,album22,language2,5280
song409,artist6,composer1,album10,language1,4957
song410,artist90,composer45,album25,language2,4386
song411,artist45,composer22,album41,language7,5027
song412,artist38,composer72,album40,language7,5562
song413,artist3,composer9,album36,language2,4833
song414,artist31,composer78,album42,language7,4461
song415,artist59,composer54,album44,language3,4985
song416,artist63,composer79,album37,language9,4556
song417,artist67,composer20,album39,language8,4882
song418,artist49,composer75,album36,language4,4916
song419,artist40,composer68,album44,language7,4892
song420,artist69,composer89,album10,language1,5425
song421,artist37,composer94,album28,language5,5347
song422,artist85,composer46,album44,language2,4641
song423,artist88,composer91,album41,language6,5347
song424,artist46,composer58,album14,language9,5058
song425,artist4,composer20,album32,language3,5358
song426,artist0,composer96,album43,language1,5068
song427,artist76,composer76,album31,language6,4467
song428,artist82,composer71,album37,language8,5249
song429,artist17,composer85,album12,language1,5355
song430,artist32,composer47,album22,language7,4691
song431,artist17,composer74,album26,language0,5348
song432,artist46,composer81,album44,language9,4570
song433,artist35,composer16,album22,language2,5214
song434,artist65,composer58,album28,language0,5049
song435,artist3,composer89,album5,language9,5120
song436,artist76,composer26,album39,language0,4958
song437,artist19,composer22,album11,language8,5258
song438,artist48,composer74,album36,language6,4620
song439,artist70,composer5,album41,language5,5571
song440,artist67,composer14,album2,language7,5149
song441,artist46,composer87,album12,language0,5155
song442,artist92,composer27,album7,language7,5472
song443,artist7,composer15,album22,language7,5071
song444,artist44,composer3,album1,language7,5255
song445,artist49,composer33,album23,language1,5358
song446,artist45,composer93,album11,language9,5384
song447,artist76,composer72,album11,language0,5092
song448,artist76,composer65,album18,language1,4279
song449,artist27,composer49,album49,language0,5113
song450,artist1,composer18,album20,language8,5090
song451,artist46,composer57,album16,language0,5039
song452,artist40,composer55,album10,language7,5174
song453,artist12,composer10,album43,language0,5071
song454,artist44,composer41,album11,language9,5056
song455,artist53,composer70,album44,language5,4890
song456,artist75,composer8,album29,language1,5273
song457,artist83,composer12,album2,language7,5153
song458,artist23,composer37,album49,language7,5132
song459,artist57,composer9,album40,language5,4989
song460,artist26,composer76,album0,language2,4910
song461,artist72,composer57,album40,language6,5032
song462,artist56,composer64,album25,language0,4815
song463,artist99,composer62,album47,language0,5360
song464,artist87,composer0,album11,language4,4799
song465,artist98,composer19,album21,language0,5361
song466,artist69,composer17,album25,language2,5389
song467,artist13,composer50,album31,language9,4530
song468,artist32,composer53,album10,language9,4758
song469,artist74,composer91,album5,language5,5437
song470,artist63,composer13,album22,language5,4756
song471,artist9,composer94,album41,language3,4828
song472,artist69,composer84,album10,language4,5473
song473,artist80,composer89,album36,language3,5761
song474,artist27,composer96,album0,language1,4924
song475,artist82,composer14,album6,language3,4735
song476,artist83,composer95,album2,language5,4980
song477,artist92,composer57,album41,language6,4910
song478,artist66,composer26,album47,language2,4696
song479,artist48,composer39,album30,language8,5453
song480,artist57,composer0,album36,language1,4738
song481,artist94,composer90,album1,language5,4807
song482,artist53,composer45,album31,language1,4784
song483,artist75,composer32,album19,language3,5309
song484,artist67,composer23,album42,language3,5210
song485,artist8,composer80,album45,language6,4946
song486,artist73,composer91,album1,language3,5597
song487,artist67,composer31,album41,language1,5023
song488,artist29,composer53,album10,language6,4428
song489,artist83,composer26,album15,language9,4996
song490,artist91,composer31,album7,language5,5309
song491,artist57,composer33,album43,language8,4618
song492,artist38,composer87,album46,language7,5110
song493,artist99,composer74,album31,language8,4665
song494,artist62,composer14,album22,language4,5539
song495,artist62,composer44,album44,language6,5175
song496,artist46,composer45,album8,language8,4839
song497,artist94,composer85,album14,language3,5205
song498,artist26,composer26,album15,language5,5310
song499,artist23,composer4,album14,language7,4586
song500,artist13,composer39,album25,language0,5260
song501,artist81,composer12,album49,language7,5171
song502,artist32,composer58,album4,language7,5255
song503,artist45,composer71,album20,language0,4963
song504,artist8,composer89,album39,language0,4817
song505,artist4,composer86,album37,language4,4718
song506,artist9,composer44,album25,language9,5310
song507,artist24,composer64,album2,language9,5114
song508,artist92,composer50,album35,language4,4584
song509,artist74,composer52,album2,language9,4973
song510,artist85,composer2,album40,language6,5021
song511,artist29,composer66,album11,language1,4956
song512,artist13,composer50,album2,language0,5070
song513,artist3,composer69,album30,language5,4590
song514,artist45,composer84,album22,language4,4887
song515,artist39,composer60,album15,language4,4877
song516,artist14,composer78,album42,language2,4911
song517,artist11,composer92,album31,language9,4847
song518,artist93,composer29,album7,language4,5013
song519,artist15,composer67,album7,language1,4774
song520,artist52,composer63,album22,language5,4848
song521,artist30,composer44,album13,language6,5310
song522,artist35,composer68,album12,language8,4733
song523,artist50,composer26,album2,language8,5097
song524,artist48,composer66,album29,language9,4928
song525,artist24,composer81,album22,language8,5008
song526,artist41,composer69,album42,language7,5148
song527,artist58,composer2,album44,language4,5392
song528,artist34,composer5,album7,language0,5161
song529,artist43,composer0,album44,language3,5063
song530,artist15,composer89,album43,language7,4999
song531,artist60,composer9,album28,language7,5147
song532,artist45,composer97,album29,language5,4685
song533,artist82,composer89,album49,language7,5049
song534,artist12,composer56,album6,language7,4897
song535,artist44,composer81,album0,language3,4585
song536,artist35,composer94,album31,language8,4959
song537,artist14,composer22,album6,language7,5217
song538,artist78,composer35,album2,language3,4937
song539,artist53,composer14,album7,language5,5219
song540,artist89,composer83,album34,language8,4993
song541,artist61,composer58,album19,language0,5470
song542,artist46,composer85,album22,language1,4769
song543,artist15,composer87,album22,language5,4652
song544,artist19,composer79,album10,language4,5066
song545,artist78,composer36,album25,language0,5413
song546,artist36,composer30,album6,language3,4508
song547,artist76,composer79,album6,language8,5288
song548,artist9,composer74,album24,language4,4894
song549,artist72,composer63,album16,language3,5151
song550,artist47,composer52,album35,language0,5045
song551,artist72,composer23,album43,language4,4960
song552,artist5,composer78,album4,language7,5072
song553,artist33,composer65,album8,language3,5228
song554,artist28,composer5,album41,language0,5114
song555,artist94,composer93,album37,language8,4968
song556,artist21,composer52,album21,language7,5308
song557,artist40,composer72,album43,language5,4661
song558,artist12,composer84,album10,language4,4845
song559,artist86,composer81,album25,language0,4787
song560,artist71,composer56,album23,language3,4834
song561,artist42,composer23,album8,language8,5000
song562,artist78,composer79,album38,language0,4879
song563,artist53,composer65,album34,language4,5138
song564,artist93,composer45,album20,language8,4553
song565,artist26,composer88,album30,language7,4931
song566,artist7,composer62,album23,language0,4853
song567,artist41,composer79,album18,language8,5371
song568,artist55,composer52,album35,language5,5028
song569,artist21,composer71,album30,language8,5041
song570,artist14,composer29,album36,language0,4816
song571,artist43,composer25,album19,language4,4713
song572,artist3,composer74,album18,language4,4699
song573,artist79,composer61,album10,language1,4445
song574,artist55,composer81,album16,language5,5338
song575,artist55,composer62,album43,language8,5246
song576,artist52,composer15,album20,language0,4850
song577,artist5,composer13,album34,language8,4989
song578,artist98,composer67,album19,language3,5258
song579,artist53,composer74,album25,language9,5269
song580,artist45,composer64,album29,language4,5356
song581,artist55,composer28,album49,language1,4838
song582,artist16,composer65,album26,language9,5190
song583,artist41,composer54,album26,language0,4375
song584,artist96,composer65,album46,language2,4820
song585,artist34,composer24,album9,language3,5086
song586,artist52,composer71,album49,language6,5206
song587,artist33,composer8,album41,language9,5130
song588,artist75,composer8,album47,language1,4833
song589,artist13,composer0,album20,language1,4744
song590,artist47,composer31,album43,language5,4730
song591,artist18,composer3,album36,language9,4697
song592,artist98,composer53,album13,language4,4976
song593,artist28,composer74,album2,language7,5457
song594,artist59,composer23,album41,language2,5264
song595,artist97,composer81,album43,language0,4802
song596,artist29,composer67,album26,language0,5556
song597,artist7,composer28,album38,language1,5026
song598,artist62,composer67,album46,language0,5485
song599,artist3,composer17,album0,language3,4874
song600,artist9,composer49,album17,language9,4988
song601,artist24,composer51,album25,language1,4782
song602,artist1,composer60,album31,language5,4997
song603,artist32,composer68,album44,language5,4920
song604,artist13,composer76,album13,language0,4814
song605,artist54,composer13,album9,language8,5104
song606,artist50,composer26,album7,language0,4859
song607,artist45,composer57,album20,language1,5069
song608,artist29,composer11,album28,language6,4991
song609,artist75,composer90,album46,language2,5037
song610,artist9,composer73,album44,language1,5160
song611,artist78,composer20,album40,language1,4951
song612,artist11,composer70,album31,language9,4882
song613,artist10,composer58,album5,language6,4715
song614,artist3,composer54,album19,language4,5295
song615,artist84,composer38,album19,language7,4984
song616,artist82,composer10,album8,language7,4868
song617,artist92,composer34,album35,language4,4592
song618,artist85,composer16,album33,language1,5219
song619,artist73,composer34,album40,language5,4914
song620,artist64,composer89,album8,language7,5513
song621,artist44,composer33,album39,language5,4634
song622,artist26,composer68,album11,language3,5157
song623,artist18,composer88,album42,language0,5392
song624,artist83,composer42,album33,language2,5119
song625,artist63,composer62,album8,language5,5054
song626,artist38,composer39,album22,language1,4950
song627,artist23,composer63,album28,language7,5030
song628,artist74,composer5,album11,language8,5312
song629,artist84,composer14,album41,language0,4877
song630,artist57,composer99,album19,language7,4985
song631,artist27,composer46,album46,language4,5031
song632,artist30,composer93,album6,language3,4970
song633,artist80,composer42,album13,language5,5452
song634,artist5,composer55,album48,language7,5070
song635,artist88,composer56,album23,language9,4884
song636,artist18,composer21,album44,language5,4799
song637,artist2,composer23,album6,language0,4977
song638,artist9,composer28,album37,language2,5522
song639,artist28,composer7,album45,language1,4803
song640,artist27,composer92,album16,language2,5311
song641,artist59,composer7,album44,language8,5158
song642,artist66,composer12,album48,language3,5238
song643,artist44,composer2,album39,language3,4819
song644,artist85,composer36,album48,language4,5303
song645,artist54,composer88,album45,language7,5680
song646,artist71,composer82,album27,language7,5006
song647,artist54,composer5,album12,language4,4902
song648,artist91,composer74,album31,language0,4593
song649,artist10,composer81,album6,language4,5155
song650,artist77,composer79,album16,language7,5063
song651,artist25,composer18,album21,language0,4834
song652,artist95,composer10,album3,language3,5336
song653,artist57,composer19,album37,language5,5898
song654,artist85,composer96,album12,language6,5424
song655,artist2,composer32,album34,language1,4873
song656,artist7,composer11,album29,language1,5273
song657,artist7,composer52,album35,language2,4223
song658,artist91,composer8,album30,language9,5364
song659,artist64,composer64,album15,language5,4934
song660,artist52,composer93,album49,language8,5188
song661,artist68,composer89,album42,language1,5298
song662,artist17,composer23,album25,language1,4924
song663,artist1,composer92,album30,language5,5158
song664,artist37,composer61,album21,language0,5267
song665,artist63,composer65,album8,language2,4923
song666,artist62,composer43,album48,language2,4766
song667,artist21,composer3,album28,language6,5225
song668,artist39,composer64,album25,language3,4691
song669,artist86,composer5,album14,language7,5413
song670,artist24,composer63,album43,language5,4940
song671,artist68,composer6,album43,language6,4913
song672,artist65,composer10,album39,language5,5622
song673,artist74,composer29,album45,language7,4682
song674,artist20,composer83,album25,language6,5423
song675,artist27,composer24,album33,language9,5084
song676,artist97,composer19,album17,language1,4703
song677,artist94,composer67,album37,language0,4647
song678,artist8,composer9,album15,language5,5252
song679,artist82,composer21,album39,language2,4688
song680,artist45,composer15,album32,language6,5452
song681,artist33,composer40,album16,language9,5616
song682,artist2,composer32,album5,language6,4927
song683,artist46,composer96,album45,language1,4775
song684,artist43,composer7,album7,language8,4790
song685,artist55,composer41,album29,language6,5242
song686,artist50,composer31,album17,language9,4840
song687,artist65,composer42,album36,language0,4989
song688,artist42,composer53,album44,language1,4576
song689,artist82,composer94,album20,language7,5328
song690,artist58,composer17,album4,language1,4920
song691,artist31,composer86,album26,language8,4805
song692,artist86,composer89,album26,language6,5078
song693,artist17,composer40,album28,language9,4803
song694,artist99,composer22,album11,language6,4767
song695,artist15,composer79,album40,language8,5227
song696,artist22,composer57,album29,language7,5271
song697,artist37,composer94,album4,language4,5051
song698,artist86,composer25,album15,language1,4823
song699,artist66,composer19,album7,language3,5180
song700,artist27,composer34,album49,language3,5147
song701,artist78,composer31,album5,language3,5215
song702,artist93,composer35,album13,language4,4738
song703,artist41,composer97,album5,language2,4870
song704,artist45,composer9,album14,language4,4724
song705,artist77,composer67,album20,language4,4929
song706,artist7,composer90,album44,language6,5433
song707,artist3,composer96,album35,language6,4659
song708,artist20,composer50,album34,language2,5191
song709,artist84,composer12,album12,language0,4964
song710,artist7,composer59,album8,language2,4610
song711,artist62,composer26,album14,language5,4667
song712,artist31,composer10,album27,language1,4553
song713,artist25,composer85,album30,language2,5067
song714,artist40,composer17,album23,language2,5493
song715,artist78,composer74,album30,language8,4601
song716,artist60,composer51,album49,language6,5180
song717,artist71,composer49,album1,language1,4986
song718,artist17,composer68,album42,language2,4963
song719,artist87,composer10,album46,language1,4566
song720,artist95,composer32,album40,language8,5022
song721,artist50,composer66,album31,language5,5242
song722,artist26,composer27,album1,language3,5446
song723,artist35,composer12,album7,language5,5098
song724,artist52,composer5,album8,language1,5219
song725,artist92,composer45,album2,language5,4652
song726,artist30,composer32,album3,language5,4311
song727,artist72,composer52,album46,language3,4937
song728,artist52,composer35,album29,language1,5294
song729,artist68,composer86,album19,language9,5666
song730,artist0,composer47,album43,language8,4826
song731,artist4,composer80,album0,language2,5501
song732,artist97,composer52,album7,language7,4890
song733,artist37,composer92,album26,language7,5490
song734,artist30,composer51,album30,language6,4829
song735,artist29,composer47,album14,language5,4982
song736,artist49,composer95,album37,language7,4819
song737,artist70,composer11,album31,language5,4249
song738,artist70,composer84,album41,language3,4523
song739,artist24,composer29,album28,language5,4882
song740,artist33,composer19,album21,language9,4449
song741,artist26,composer43,album40,language8,5016
song742,artist33,composer75,album22,language1,5227
song743,artist59,composer18,album38,language9,4606
song744,artist83,composer9,album47,language8,5252
song745,artist27,composer19,album49,language9,4572
song746,artist6,composer10,album9,language6,5155
song747,artist19,composer26,album47,language0,4660
song748,artist77,composer12,album44,language3,5218
song749,artist2,composer45,album49,language2,5525
song750,artist85,composer22,album36,language1,4869
song751,artist11,composer94,album12,language0,4713
song752,artist68,composer68,album47,language9,5314
song753,artist23,composer58,album10,language9,4636
song754,artist62,composer71,album38,language2,5157
song755,artist84,composer1,album16,language0,5477
song756,artist49,composer39,album31,language0,4731
song757,artist10,composer58,album13,language2,5077
song758,artist61,composer44,album48,language6,4678
song759,artist52,composer95,album30,language3,4650
song760,artist42,composer40,album13,language8,4911
song761,artist8,composer47,album13,language0,4946
song762,artist91,composer17,album42,language0,5417
song763,artist35,composer88,album25,language0,4745
song764,artist81,composer56,album32,language5,4981
song765,artist25,composer60,album30,language6,4516
song766,artist91,composer14,album34,language2,4868
song767,artist64,composer56,album46,language9,5096
song768,artist16,composer56,album37,language5,4822
song769,artist41,composer44,album5,language1,4582
song770,artist29,composer91,album9,language8,4912
song771,artist32,composer72,album19,language6,4856
song772,artist1,composer8,album31,language0,5487
song773,artist51,composer67,album35,language6,5278
song774,artist69,composer81,album19,language4,5597
song775,artist45,composer56,album1,language4,5132
song776,artist78,composer0,album43,language9,5000
song777,artist20,composer70,album34,language8,5182
song778,artist66,composer31,album39,language9,5318
song779,artist8,composer87,album11,language0,4323
song780,artist99,composer38,album14,language0,5216
song781,artist13,composer43,album18,language1,5248
song782,artist81,composer48,album9,language6,4931
song783,artist13,composer56,album44,language1,4897
song784,artist47,composer90,album37,language4,5006
song785,artist73,composer43,album27,language7,5114
song786,artist69,composer32,album20,language6,5361
song787,artist29,composer53,album49,language6,4485
song788,artist78,composer62,album44,language5,4941
song789,artist23,composer68,album23,language4,4864
song790,artist4,composer32,album7,language7,4963
song791,artist54,composer74,album30,language4,5190
song792,artist59,composer8,album38,language8,4895
song793,artist31,composer51,album43,language0,4856
song794,artist52,composer70,album21,language3,4670
song795,artist41,composer3,album41,language4,3763
song796,artist3,composer2,album3,language2,4803
song797,artist4,composer19,album30,language7,4816
song798,artist58,composer90,album22,language4,4661
song799,artist18,composer52,album32,language5,5475
song800,artist19,composer52,album19,language2,4807
song801,artist67,composer8,album25,language2,5109
song802,artist90,composer99,album5,language4,5731
song803,artist46,composer93,album25,language2,5243
song804,artist53,composer50,album3,language6,4606
song805,artist86,composer81,album31,language1,4792
song806,artist92,composer1,album37,language8,5213
song807,artist55,composer72,album19,language7,5164
song808,artist29,composer89,album12,language0,5606
song809,artist18,composer53,album28,language1,5131
song810,artist89,composer75,album34,language5,5008
song811,artist2,composer60,album33,language9,4548
song812,artist48,composer31,album29,language5,5106
song813,artist97,composer50,album24,language8,5540
song814,artist81,composer17,album17,language6,5151
song815,artist97,composer98,album42,language2,5100
song816,artist58,composer10,album23,language0,4855
song817,artist82,composer14,album29,language9,5054
song818,artist43,composer60,album45,language5,4596
song819,artist65,composer21,album34,language2,4846
song820,artist28,composer24,album3,language7,5174
song821,artist4,composer75,album26,language1,5399
song822,artist40,composer77,album43,language5,4904
song823,artist1,composer24,album21,language1,5176
song824,artist32,composer52,album34,language1,5324
song825,artist66,composer67,album38,language4,5061
song826,artist15,composer64,album9,language5,4948
song827,artist59,composer14,album47,language2,5060
song828,artist44,composer67,album47,language0,5033
song829,artist4,composer66,album39,language9,4960
song830,artist80,composer8,album14,language2,5421
song831,artist48,composer2,album11,language2,5150
song832,artist37,composer26,album16,language6,5182
song833,artist50,composer97,album44,language9,4939
song834,artist52,composer70,album44,language2,5257
song835,artist24,composer10,album7,language4,5062
song836,artist7,composer5,album18,language3,4803
song837,artist1,composer95,album26,language7,5352
song838,artist89,composer59,album29,language8,5539
song839,artist63,composer88,album13,language4,4596
song840,artist51,composer57,album40,language0,4840
song841,artist4,composer35,album34,language3,4835
song842,artist85,composer26,album22,language1,5755
song843,artist49,composer78,album5,language2,5116
song844,artist84,composer15,album3,language4,5019
song845,artist58,composer85,album47,language6,5288
song846,artist82,composer82,album46,language9,4677
song847,artist90,composer20,album22,language9,5482
song848,artist8,composer80,album47,language3,5288
song849,artist89,composer94,album27,language9,5180
song850,artist7,composer74,album17,language4,5060
song851,artist31,composer68,album11,language6,5092
song852,artist6,composer0,album3,language6,4848
song853,artist18,composer20,album10,language2,5255
song854,artist87,composer59,album1,language7,5054
song855,artist60,composer74,album43,language4,5450
song856,artist79,composer98,album24,language5,4678
song857,artist42,composer10,album27,language2,4748
song858,artist11,composer14,album32,language9,4798
song859,artist65,composer19,album36,language0,4860
song860,artist21,composer41,album23,language3,5160
song861,artist38,composer43,album18,language1,5060
song862,artist98,composer63,album16,language0,5255
song863,artist19,composer64,album7,language4,4874
song864,artist88,composer66,album13,language8,5132
song865,artist23,composer2,album3,language1,5148
song866,artist74,composer20,album22,language0,5060
song867,artist68,composer82,album16,language4,5286
song868,artist27,composer61,album21,language1,5103
song869,artist78,composer0,album2,language5,4805
song870,artist67,composer66,album13,language2,4683
song871,artist57,composer13,album29,language0,5277
song872,artist88,composer27,album5,language2,4628
song873,artist41,composer23,album2,language5,4800
song874,artist1,composer67,album34,language3,4730
song875,artist0,composer83,album27,language2,5035
song876,artist84,composer21,album35,language5,5464
song877,artist89,composer86,album48,language4,5079
song878,artist24,composer99,album13,language2,4889
song879,artist45,composer41,album27,language9,4735
song880,artist27,composer92,album18,language2,5085
song881,artist0,composer34,album4,language2,5213
song882,artist15,composer49,album13,language5,4858
song883,artist46,composer58,album25,language9,4955
song884,artist88,composer90,album40,language3,5394
song885,artist61,composer60,album19,language8,4779
song886,artist53,composer86,album24,language3,4896
song887,artist91,composer79,album47,language1,5308
song888,artist1,composer22,album10,language1,4808
song889,artist75,composer33,album47,language4,4663
song890,artist61,composer64,album29,language8,4873
song891,artist81,composer98,album1,language3,5515
song892,artist23,composer98,album22,language1,4783
song893,artist24,composer39,album35,language3,4636
song894,artist2,composer3,album2,language4,5149
song895,artist71,composer59,album48,language1,5045
song896,artist42,composer67,album1,language7,5191
song897,artist54,composer97,album42,language0,4705
song898,artist75,composer55,album19,language2,5231
song899,artist75,composer19,album3,language1,4658
song900,artist86,composer31,album49,language5,4851
song901,artist81,composer22,album27,language8,5016
song902,artist36,composer83,album5,language5,5338
song903,artist43,composer48,album34,language9,4589
song904,artist4,composer55,album21,language1,5076
song905,artist76,composer91,album33,language1,4437
song906,artist26,composer22,album32,language8,4697
song907,artist65,composer18,album0,language0,4744
song908,artist90,composer28,album37,language2,5470
song909,artist11,composer42,album42,language1,5072
song910,artist76,composer70,album19,language3,4802
song911,artist46,composer55,album37,language6,4869
song912,artist58,composer53,album11,language5,4444
song913,artist86,composer22,album45,language1,5608
song914,artist52,composer44,album12,language2,5258
song915,artist30,composer99,album5,language2,5047
song916,artist46,composer59,album22,language1,4773
song917,artist83,composer58,album47,language1,4802
song918,artist56,composer54,album3,language8,4886
song919,artist85,composer52,album35,language6,4919
song920,artist68,composer95,album12,language7,4506
song921,artist12,composer30,album38,language3,5110
song922,artist62,composer44,album0,language5,5021
song923,artist87,composer81,album32,language3,5410
song924,artist71,composer50,album35,language0,4927
song925,artist76,composer44,album12,language1,5021
song926,artist13,composer60,album2,language1,4810
song927,artist23,composer63,album32,language9,5033
song928,artist62,composer67,album10,language5,4515
song929,artist1,composer73,album40,language8,4573
song930,artist66,composer77,album27,language8,5442
song931,artist78,composer63,album48,language1,5041
song932,artist99,composer82,album37,language5,5008
song933,artist40,composer27,album40,language4,4877
song934,artist47,composer53,album22,language4,5169
song935,artist48,composer20,album22,language4,4294
song936,artist65,composer14,album17,language0,5388
song937,artist87,composer62,album35,language6,5037
song938,artist23,composer25,album42,language6,5086
song939,artist15,composer97,album41,language8,4987
song940,artist22,composer4,album31,language9,5029
song941,artist78,composer77,album11,language9,4686
song942,artist43,composer95,album44,language1,4785
song943,artist99,composer89,album22,language7,4898
song944,artist39,composer88,album41,language0,5279
song945,artist72,composer49,album29,language4,5401
song946,artist15,composer90,album45,language7,5755
song947,artist3,composer57,album35,language1,4888
song948,artist80,composer31,album20,language0,4701
song949,artist76,composer15,album47,language7,5251
song950,artist31,composer27,album10,language9,5019
song951,artist1,composer22,album35,language2,4213
song952,artist19,composer39,album8,language1,4800
song953,artist35,composer16,album35,language3,5099
song954,artist92,composer10,album39,language3,5082
song955,artist42,composer85,album35,language4,4634
song956,artist63,composer94,album45,language1,4801
song957,artist54,composer36,album14,language4,4736
song958,artist44,composer13,album40,language8,4765
song959,artist39,composer44,album29,language6,4839
song960,artist55,composer50,album17,language0,5347
song961,artist80,composer24,album18,language2,5189
song962,artist18,composer76,album8,language3,4774
song963,artist11,composer86,album43,language6,4295
song964,artist17,composer55,album20,language2,4689
song965,artist69,composer59,album10,language4,4549
song966,artist86,composer81,album27,language4,4946
song967,artist24,composer98,album48,language3,4927
song968,artist83,composer77,album27,language1,4778
song969,artist79,composer78,album36,language7,5272
song970,artist20,composer27,album29,language9,5458
song971,artist77,composer58,album40,language7,5131
song972,artist16,composer62,album14,language5,4891
song973,artist85,composer82,album15,language3,4864
song974,artist25,composer68,album23,language5,5439
song975,artist18,composer71,album12,language5,5281
song976,artist57,composer38,album42,language2,4991
song977,artist9,composer88,album38,language2,4768
song978,artist87,composer64,album44,language3,4963
song979,artist36,composer4,album16,language4,4943
song980,artist99,composer27,album41,language4,5295
song981,artist40,composer11,album41,language6,4859
song982,artist35,composer66,album7,language3,4945
song983,artist27,composer73,album38,language2,4892
song984,artist75,composer98,album33,language6,4945
song985,artist79,composer46,album4,language6,4373
song986,artist2,composer48,album11,language0,4767
song987,artist31,composer60,album16,language9,5059
song988,artist34,composer12,album9,language6,5229
song989,artist15,composer66,album2,language1,5392
song990,artist33,composer52,album16,language5,4988
song991,artist43,composer16,album17,language5,4827
song992,artist74,composer2,album24,language8,4805
song993,artist29,composer94,album33,language5,4909
song994,artist97,composer97,album27,language9,4701
song995,artist9,composer32,album35,language5,4863
song996,artist65,composer98,album34,language7,5121
song997,artist64,composer6,album48,language5,4506
song998,artist26,composer3,album35,language5,4521
song999,artist50,composer29,album37,language3,5020
